instrument_id,ticker,name,asset_class,sector,exchange_calendar,valid_from,valid_to,segment,source_symbol
CZ00671,EURGBP,Euro / British pound,fx,,TARGET,2026-10-02,,fx,EUR/GBP
CZ00672,EURAUD,Euro / Australian dollar,fx,,TARGET,2026-10-02,,fx,EUR/AUD
CZ00673,EURNZD,Euro / New Zealand dollar,fx,,TARGET,2026-10-02,,fx,EUR/NZD
CZ00674,EURUSD,Euro / US dollar,fx,,TARGET,2026-10-02,,fx,EUR/USD
CZ00675,EURCAD,Euro / Canadian dollar,fx,,TARGET,2026-10-02,,fx,EUR/CAD
CZ00676,EURCHF,Euro / Swiss franc,fx,,TARGET,2026-10-02,,fx,EUR/CHF
CZ00677,EURJPY,Euro / Japanese yen,fx,,TARGET,2026-10-02,,fx,EUR/JPY
CZ00678,GBPAUD,British pound / Australian dollar,fx,,TARGET,2026-10-02,,fx,GBP/AUD
CZ00679,GBPNZD,British pound / New Zealand dollar,fx,,TARGET,2026-10-02,,fx,GBP/NZD
CZ00680,GBPUSD,British pound / US dollar,fx,,TARGET,2026-10-02,,fx,GBP/USD
CZ00681,GBPCAD,British pound / Canadian dollar,fx,,TARGET,2026-10-02,,fx,GBP/CAD
CZ00682,GBPCHF,British pound / Swiss franc,fx,,TARGET,2026-10-02,,fx,GBP/CHF
CZ00683,GBPJPY,British pound / Japanese yen,fx,,TARGET,2026-10-02,,fx,GBP/JPY
CZ00684,AUDNZD,Australian dollar / New Zealand dollar,fx,,TARGET,2026-10-02,,fx,AUD/NZD
CZ00685,AUDUSD,Australian dollar / US dollar,fx,,TARGET,2026-10-02,,fx,AUD/USD
CZ00686,AUDCAD,Australian dollar / Canadian dollar,fx,,TARGET,2026-10-02,,fx,AUD/CAD
CZ00687,AUDCHF,Australian dollar / Swiss franc,fx,,TARGET,2026-10-02,,fx,AUD/CHF
CZ00688,AUDJPY,Australian dollar / Japanese yen,fx,,TARGET,2026-10-02,,fx,AUD/JPY
CZ00689,NZDUSD,New Zealand dollar / US dollar,fx,,TARGET,2026-10-02,,fx,NZD/USD
CZ00690,NZDCAD,New Zealand dollar / Canadian dollar,fx,,TARGET,2026-10-02,,fx,NZD/CAD
CZ00691,NZDCHF,New Zealand dollar / Swiss franc,fx,,TARGET,2026-10-02,,fx,NZD/CHF
CZ00692,NZDJPY,New Zealand dollar / Japanese yen,fx,,TARGET,2026-10-02,,fx,NZD/JPY
CZ00693,USDCAD,US dollar / Canadian dollar,fx,,TARGET,2026-10-02,,fx,USD/CAD
CZ00694,USDCHF,US dollar / Swiss franc,fx,,TARGET,2026-10-02,,fx,USD/CHF
CZ00695,USDJPY,US dollar / Japanese yen,fx,,TARGET,2026-10-02,,fx,USD/JPY
CZ00696,CADCHF,Canadian dollar / Swiss franc,fx,,TARGET,2026-10-02,,fx,CAD/CHF
CZ00697,CADJPY,Canadian dollar / Japanese yen,fx,,TARGET,2026-10-02,,fx,CAD/JPY
CZ00698,CHFJPY,Swiss franc / Japanese yen,fx,,TARGET,2026-10-02,,fx,CHF/JPY
